Workbook

Sheet マスタ
A1: オプションNo | B1: 品名 | C1: 値段
A2: 01 | B2: サンルーフ | C2: 50000
A3: 2 | B3: カーナビ | C3: 80000
A4: 10 | B4: フロアマット | C4: 12000

Sheet 入力
A1: 図番番号 | B1: 標準仕様A
A2: 本体価格 | B2: 2500000
A3: オプションNo | C3: 例: 1,2,3
A4: 品目リスト | B4: =E107
A5: オプション合計 | B5: =SUM(C8:C107)
A6: 総合計 | B6: =B2+B5
A7: オプションNo | B7: 品名 | C7: 値段
A8: =IF(B3="","",TRIM(MID(SUBSTITUTE(SUBSTITUTE(SUBSTITUTE(B3&"","、",","),"，",",")&",",",",REPT(" ",20)),1,20))) | B8: =IF(A8="","",IFERROR(INDEX(マスタ!$B$2:$B$4,MATCH(A8&"",マスタ!$A$2:$A$4,0)),"該当なし")) | C8: =IF(A8="","",IFERROR(INDEX(マスタ!$C$2:$C$4,MATCH(A8&"",マスタ!$A$2:$A$4,0)),"")) | E8: =IF(B8="","",B8)
A9: =IF(B3="","",TRIM(MID(SUBSTITUTE(SUBSTITUTE(SUBSTITUTE(B3&"","、",","),"，",",")&",",",",REPT(" ",20)),21,20))) | B9: =IF(A9="","",IFERROR(INDEX(マスタ!$B$2:$B$4,MATCH(A9&"",マスタ!$A$2:$A$4,0)),"該当なし")) | C9: =IF(A9="","",IFERROR(INDEX(マスタ!$C$2:$C$4,MATCH(A9&"",マスタ!$A$2:$A$4,0)),"")) | E9: =IF(B9="",E8,IF(E8="",B9,E8&","&B9))
A10: =IF(B3="","",TRIM(MID(SUBSTITUTE(SUBSTITUTE(SUBSTITUTE(B3&"","、",","),"，",",")&",",",",REPT(" ",20)),41,20))) | B10: =IF(A10="","",IFERROR(INDEX(マスタ!$B$2:$B$4,MATCH(A10&"",マスタ!$A$2:$A$4,0)),"該当なし")) | C10: =IF(A10="","",IFERROR(INDEX(マスタ!$C$2:$C$4,MATCH(A10&"",マスタ!$A$2:$A$4,0)),"")) | E10: =IF(B10="",E9,IF(E9="",B10,E9&","&B10))
A11: =IF(B3="","",TRIM(MID(SUBSTITUTE(SUBSTITUTE(SUBSTITUTE(B3&"","、",","),"，",",")&",",",",REPT(" ",20)),61,20))) | B11: =IF(A11="","",IFERROR(INDEX(マスタ!$B$2:$B$4,MATCH(A11&"",マスタ!$A$2:$A$4,0)),"該当なし")) | C11: =IF(A11="","",IFERROR(INDEX(マスタ!$C$2:$C$4,MATCH(A11&"",マスタ!$A$2:$A$4,0)),"")) | E11: =IF(B11="",E10,IF(E10="",B11,E10&","&B11))
A12: =IF(B3="","",TRIM(MID(SUBSTITUTE(SUBSTITUTE(SUBSTITUTE(B3&"","、",","),"，",",")&",",",",REPT(" ",20)),81,20))) | B12: =IF(A12="","",IFERROR(INDEX(マスタ!$B$2:$B$4,MATCH(A12&"",マスタ!$A$2:$A$4,0)),"該当なし")) | C12: =IF(A12="","",IFERROR(INDEX(マスタ!$C$2:$C$4,MATCH(A12&"",マスタ!$A$2:$A$4,0)),"")) | E12: =IF(B12="",E11,IF(E11="",B12,E11&","&B12))
A13: =IF(B3="","",TRIM(MID(SUBSTITUTE(SUBSTITUTE(SUBSTITUTE(B3&"","、",","),"，",",")&",",",",REPT(" ",20)),101,20))) | B13: =IF(A13="","",IFERROR(INDEX(マスタ!$B$2:$B$4,MATCH(A13&"",マスタ!$A$2:$A$4,0)),"該当なし")) | C13: =IF(A13="","",IFERROR(INDEX(マスタ!$C$2:$C$4,MATCH(A13&"",マスタ!$A$2:$A$4,0)),"")) | E13: =IF(B13="",E12,IF(E12="",B13,E12&","&B13))
A14: =IF(B3="","",TRIM(MID(SUBSTITUTE(SUBSTITUTE(SUBSTITUTE(B3&"","、",","),"，",",")&",",",",REPT(" ",20)),121,20))) | B14: =IF(A14="","",IFERROR(INDEX(マスタ!$B$2:$B$4,MATCH(A14&"",マスタ!$A$2:$A$4,0)),"該当なし")) | C14: =IF(A14="","",IFERROR(INDEX(マスタ!$C$2:$C$4,MATCH(A14&"",マスタ!$A$2:$A$4,0)),"")) | E14: =IF(B14="",E13,IF(E13="",B14,E13&","&B14))
A15: =IF(B3="","",TRIM(MID(SUBSTITUTE(SUBSTITUTE(SUBSTITUTE(B3&"","、",","),"，",",")&",",",",REPT(" ",20)),141,20))) | B15: =IF(A15="","",IFERROR(INDEX(マスタ!$B$2:$B$4,MATCH(A15&"",マスタ!$A$2:$A$4,0)),"該当なし")) | C15: =IF(A15="","",IFERROR(INDEX(マスタ!$C$2:$C$4,MATCH(A15&"",マスタ!$A$2:$A$4,0)),"")) | E15: =IF(B15="",E14,IF(E14="",B15,E14&","&B15))
A16: =IF(B3="","",TRIM(MID(SUBSTITUTE(SUBSTITUTE(SUBSTITUTE(B3&"","、",","),"，",",")&",",",",REPT(" ",20)),161,20))) | B16: =IF(A16="","",IFERROR(INDEX(マスタ!$B$2:$B$4,MATCH(A16&"",マスタ!$A$2:$A$4,0)),"該当なし")) | C16: =IF(A16="","",IFERROR(INDEX(マスタ!$C$2:$C$4,MATCH(A16&"",マスタ!$A$2:$A$4,0)),"")) | E16: =IF(B16="",E15,IF(E15="",B16,E15&","&B16))
A17: =IF(B3="","",TRIM(MID(SUBSTITUTE(SUBSTITUTE(SUBSTITUTE(B3&"","、",","),"，",",")&",",",",REPT(" ",20)),181,20))) | B17: =IF(A17="","",IFERROR(INDEX(マスタ!$B$2:$B$4,MATCH(A17&"",マスタ!$A$2:$A$4,0)),"該当なし")) | C17: =IF(A17="","",IFERROR(INDEX(マスタ!$C$2:$C$4,MATCH(A17&"",マスタ!$A$2:$A$4,0)),"")) | E17: =IF(B17="",E16,IF(E16="",B17,E16&","&B17))
A18: =IF(B3="","",TRIM(MID(SUBSTITUTE(SUBSTITUTE(SUBSTITUTE(B3&"","、",","),"，",",")&",",",",REPT(" ",20)),201,20))) | B18: =IF(A18="","",IFERROR(INDEX(マスタ!$B$2:$B$4,MATCH(A18&"",マスタ!$A$2:$A$4,0)),"該当なし")) | C18: =IF(A18="","",IFERROR(INDEX(マスタ!$C$2:$C$4,MATCH(A18&"",マスタ!$A$2:$A$4,0)),"")) | E18: =IF(B18="",E17,IF(E17="",B18,E17&","&B18))
A19: =IF(B3="","",TRIM(MID(SUBSTITUTE(SUBSTITUTE(SUBSTITUTE(B3&"","、",","),"，",",")&",",",",REPT(" ",20)),221,20))) | B19: =IF(A19="","",IFERROR(INDEX(マスタ!$B$2:$B$4,MATCH(A19&"",マスタ!$A$2:$A$4,0)),"該当なし")) | C19: =IF(A19="","",IFERROR(INDEX(マスタ!$C$2:$C$4,MATCH(A19&"",マスタ!$A$2:$A$4,0)),"")) | E19: =IF(B19="",E18,IF(E18="",B19,E18&","&B19))
A20: =IF(B3="","",TRIM(MID(SUBSTITUTE(SUBSTITUTE(SUBSTITUTE(B3&"","、",","),"，",",")&",",",",REPT(" ",20)),241,20))) | B20: =IF(A20="","",IFERROR(INDEX(マスタ!$B$2:$B$4,MATCH(A20&"",マスタ!$A$2:$A$4,0)),"該当なし")) | C20: =IF(A20="","",IFERROR(INDEX(マスタ!$C$2:$C$4,MATCH(A20&"",マスタ!$A$2:$A$4,0)),"")) | E20: =IF(B20="",E19,IF(E19="",B20,E19&","&B20))
A21: =IF(B3="","",TRIM(MID(SUBSTITUTE(SUBSTITUTE(SUBSTITUTE(B3&"","、",","),"，",",")&",",",",REPT(" ",20)),261,20))) | B21: =IF(A21="","",IFERROR(INDEX(マスタ!$B$2:$B$4,MATCH(A21&"",マスタ!$A$2:$A$4,0)),"該当なし")) | C21: =IF(A21="","",IFERROR(INDEX(マスタ!$C$2:$C$4,MATCH(A21&"",マスタ!$A$2:$A$4,0)),"")) | E21: =IF(B21="",E20,IF(E20="",B21,E20&","&B21))
A22: =IF(B3="","",TRIM(MID(SUBSTITUTE(SUBSTITUTE(SUBSTITUTE(B3&"","、",","),"，",",")&",",",",REPT(" ",20)),281,20))) | B22: =IF(A22="","",IFERROR(INDEX(マスタ!$B$2:$B$4,MATCH(A22&"",マスタ!$A$2:$A$4,0)),"該当なし")) | C22: =IF(A22="","",IFERROR(INDEX(マスタ!$C$2:$C$4,MATCH(A22&"",マスタ!$A$2:$A$4,0)),"")) | E22: =IF(B22="",E21,IF(E21="",B22,E21&","&B22))
A23: =IF(B3="","",TRIM(MID(SUBSTITUTE(SUBSTITUTE(SUBSTITUTE(B3&"","、",","),"，",",")&",",",",REPT(" ",20)),301,20))) | B23: =IF(A23="","",IFERROR(INDEX(マスタ!$B$2:$B$4,MATCH(A23&"",マスタ!$A$2:$A$4,0)),"該当なし")) | C23: =IF(A23="","",IFERROR(INDEX(マスタ!$C$2:$C$4,MATCH(A23&"",マスタ!$A$2:$A$4,0)),"")) | E23: =IF(B23="",E22,IF(E22="",B23,E22&","&B23))
A24: =IF(B3="","",TRIM(MID(SUBSTITUTE(SUBSTITUTE(SUBSTITUTE(B3&"","、",","),"，",",")&",",",",REPT(" ",20)),321,20))) | B24: =IF(A24="","",IFERROR(INDEX(マスタ!$B$2:$B$4,MATCH(A24&"",マスタ!$A$2:$A$4,0)),"該当なし")) | C24: =IF(A24="","",IFERROR(INDEX(マスタ!$C$2:$C$4,MATCH(A24&"",マスタ!$A$2:$A$4,0)),"")) | E24: =IF(B24="",E23,IF(E23="",B24,E23&","&B24))
A25: =IF(B3="","",TRIM(MID(SUBSTITUTE(SUBSTITUTE(SUBSTITUTE(B3&"","、",","),"，",",")&",",",",REPT(" ",20)),341,20))) | B25: =IF(A25="","",IFERROR(INDEX(マスタ!$B$2:$B$4,MATCH(A25&"",マスタ!$A$2:$A$4,0)),"該当なし")) | C25: =IF(A25="","",IFERROR(INDEX(マスタ!$C$2:$C$4,MATCH(A25&"",マスタ!$A$2:$A$4,0)),"")) | E25: =IF(B25="",E24,IF(E24="",B25,E24&","&B25))
A26: =IF(B3="","",TRIM(MID(SUBSTITUTE(SUBSTITUTE(SUBSTITUTE(B3&"","、",","),"，",",")&",",",",REPT(" ",20)),361,20))) | B26: =IF(A26="","",IFERROR(INDEX(マスタ!$B$2:$B$4,MATCH(A26&"",マスタ!$A$2:$A$4,0)),"該当なし")) | C26: =IF(A26="","",IFERROR(INDEX(マスタ!$C$2:$C$4,MATCH(A26&"",マスタ!$A$2:$A$4,0)),"")) | E26: =IF(B26="",E25,IF(E25="",B26,E25&","&B26))
A27: =IF(B3="","",TRIM(MID(SUBSTITUTE(SUBSTITUTE(SUBSTITUTE(B3&"","、",","),"，",",")&",",",",REPT(" ",20)),381,20))) | B27: =IF(A27="","",IFERROR(INDEX(マスタ!$B$2:$B$4,MATCH(A27&"",マスタ!$A$2:$A$4,0)),"該当なし")) | C27: =IF(A27="","",IFERROR(INDEX(マスタ!$C$2:$C$4,MATCH(A27&"",マスタ!$A$2:$A$4,0)),"")) | E27: =IF(B27="",E26,IF(E26="",B27,E26&","&B27))
A28: =IF(B3="","",TRIM(MID(SUBSTITUTE(SUBSTITUTE(SUBSTITUTE(B3&"","、",","),"，",",")&",",",",REPT(" ",20)),401,20))) | B28: =IF(A28="","",IFERROR(INDEX(マスタ!$B$2:$B$4,MATCH(A28&"",マスタ!$A$2:$A$4,0)),"該当なし")) | C28: =IF(A28="","",IFERROR(INDEX(マスタ!$C$2:$C$4,MATCH(A28&"",マスタ!$A$2:$A$4,0)),"")) | E28: =IF(B28="",E27,IF(E27="",B28,E27&","&B28))
A29: =IF(B3="","",TRIM(MID(SUBSTITUTE(SUBSTITUTE(SUBSTITUTE(B3&"","、",","),"，",",")&",",",",REPT(" ",20)),421,20))) | B29: =IF(A29="","",IFERROR(INDEX(マスタ!$B$2:$B$4,MATCH(A29&"",マスタ!$A$2:$A$4,0)),"該当なし")) | C29: =IF(A29="","",IFERROR(INDEX(マスタ!$C$2:$C$4,MATCH(A29&"",マスタ!$A$2:$A$4,0)),"")) | E29: =IF(B29="",E28,IF(E28="",B29,E28&","&B29))
A30: =IF(B3="","",TRIM(MID(SUBSTITUTE(SUBSTITUTE(SUBSTITUTE(B3&"","、",","),"，",",")&",",",",REPT(" ",20)),441,20))) | B30: =IF(A30="","",IFERROR(INDEX(マスタ!$B$2:$B$4,MATCH(A30&"",マスタ!$A$2:$A$4,0)),"該当なし")) | C30: =IF(A30="","",IFERROR(INDEX(マスタ!$C$2:$C$4,MATCH(A30&"",マスタ!$A$2:$A$4,0)),"")) | E30: =IF(B30="",E29,IF(E29="",B30,E29&","&B30))
A31: =IF(B3="","",TRIM(MID(SUBSTITUTE(SUBSTITUTE(SUBSTITUTE(B3&"","、",","),"，",",")&",",",",REPT(" ",20)),461,20))) | B31: =IF(A31="","",IFERROR(INDEX(マスタ!$B$2:$B$4,MATCH(A31&"",マスタ!$A$2:$A$4,0)),"該当なし")) | C31: =IF(A31="","",IFERROR(INDEX(マスタ!$C$2:$C$4,MATCH(A31&"",マスタ!$A$2:$A$4,0)),"")) | E31: =IF(B31="",E30,IF(E30="",B31,E30&","&B31))
A32: =IF(B3="","",TRIM(MID(SUBSTITUTE(SUBSTITUTE(SUBSTITUTE(B3&"","、",","),"，",",")&",",",",REPT(" ",20)),481,20))) | B32: =IF(A32="","",IFERROR(INDEX(マスタ!$B$2:$B$4,MATCH(A32&"",マスタ!$A$2:$A$4,0)),"該当なし")) | C32: =IF(A32="","",IFERROR(INDEX(マスタ!$C$2:$C$4,MATCH(A32&"",マスタ!$A$2:$A$4,0)),"")) | E32: =IF(B32="",E31,IF(E31="",B32,E31&","&B32))
A33: =IF(B3="","",TRIM(MID(SUBSTITUTE(SUBSTITUTE(SUBSTITUTE(B3&"","、",","),"，",",")&",",",",REPT(" ",20)),501,20))) | B33: =IF(A33="","",IFERROR(INDEX(マスタ!$B$2:$B$4,MATCH(A33&"",マスタ!$A$2:$A$4,0)),"該当なし")) | C33: =IF(A33="","",IFERROR(INDEX(マスタ!$C$2:$C$4,MATCH(A33&"",マスタ!$A$2:$A$4,0)),"")) | E33: =IF(B33="",E32,IF(E32="",B33,E32&","&B33))
A34: =IF(B3="","",TRIM(MID(SUBSTITUTE(SUBSTITUTE(SUBSTITUTE(B3&"","、",","),"，",",")&",",",",REPT(" ",20)),521,20))) | B34: =IF(A34="","",IFERROR(INDEX(マスタ!$B$2:$B$4,MATCH(A34&"",マスタ!$A$2:$A$4,0)),"該当なし")) | C34: =IF(A34="","",IFERROR(INDEX(マスタ!$C$2:$C$4,MATCH(A34&"",マスタ!$A$2:$A$4,0)),"")) | E34: =IF(B34="",E33,IF(E33="",B34,E33&","&B34))
A35: =IF(B3="","",TRIM(MID(SUBSTITUTE(SUBSTITUTE(SUBSTITUTE(B3&"","、",","),"，",",")&",",",",REPT(" ",20)),541,20))) | B35: =IF(A35="","",IFERROR(INDEX(マスタ!$B$2:$B$4,MATCH(A35&"",マスタ!$A$2:$A$4,0)),"該当なし")) | C35: =IF(A35="","",IFERROR(INDEX(マスタ!$C$2:$C$4,MATCH(A35&"",マスタ!$A$2:$A$4,0)),"")) | E35: =IF(B35="",E34,IF(E34="",B35,E34&","&B35))
A36: =IF(B3="","",TRIM(MID(SUBSTITUTE(SUBSTITUTE(SUBSTITUTE(B3&"","、",","),"，",",")&",",",",REPT(" ",20)),561,20))) | B36: =IF(A36="","",IFERROR(INDEX(マスタ!$B$2:$B$4,MATCH(A36&"",マスタ!$A$2:$A$4,0)),"該当なし")) | C36: =IF(A36="","",IFERROR(INDEX(マスタ!$C$2:$C$4,MATCH(A36&"",マスタ!$A$2:$A$4,0)),"")) | E36: =IF(B36="",E35,IF(E35="",B36,E35&","&B36))
A37: =IF(B3="","",TRIM(MID(SUBSTITUTE(SUBSTITUTE(SUBSTITUTE(B3&"","、",","),"，",",")&",",",",REPT(" ",20)),581,20))) | B37: =IF(A37="","",IFERROR(INDEX(マスタ!$B$2:$B$4,MATCH(A37&"",マスタ!$A$2:$A$4,0)),"該当なし")) | C37: =IF(A37="","",IFERROR(INDEX(マスタ!$C$2:$C$4,MATCH(A37&"",マスタ!$A$2:$A$4,0)),"")) | E37: =IF(B37="",E36,IF(E36="",B37,E36&","&B37))
A38: =IF(B3="","",TRIM(MID(SUBSTITUTE(SUBSTITUTE(SUBSTITUTE(B3&"","、",","),"，",",")&",",",",REPT(" ",20)),601,20))) | B38: =IF(A38="","",IFERROR(INDEX(マスタ!$B$2:$B$4,MATCH(A38&"",マスタ!$A$2:$A$4,0)),"該当なし")) | C38: =IF(A38="","",IFERROR(INDEX(マスタ!$C$2:$C$4,MATCH(A38&"",マスタ!$A$2:$A$4,0)),"")) | E38: =IF(B38="",E37,IF(E37="",B38,E37&","&B38))
A39: =IF(B3="","",TRIM(MID(SUBSTITUTE(SUBSTITUTE(SUBSTITUTE(B3&"","、",","),"，",",")&",",",",REPT(" ",20)),621,20))) | B39: =IF(A39="","",IFERROR(INDEX(マスタ!$B$2:$B$4,MATCH(A39&"",マスタ!$A$2:$A$4,0)),"該当なし")) | C39: =IF(A39="","",IFERROR(INDEX(マスタ!$C$2:$C$4,MATCH(A39&"",マスタ!$A$2:$A$4,0)),"")) | E39: =IF(B39="",E38,IF(E38="",B39,E38&","&B39))
A40: =IF(B3="","",TRIM(MID(SUBSTITUTE(SUBSTITUTE(SUBSTITUTE(B3&"","、",","),"，",",")&",",",",REPT(" ",20)),641,20))) | B40: =IF(A40="","",IFERROR(INDEX(マスタ!$B$2:$B$4,MATCH(A40&"",マスタ!$A$2:$A$4,0)),"該当なし")) | C40: =IF(A40="","",IFERROR(INDEX(マスタ!$C$2:$C$4,MATCH(A40&"",マスタ!$A$2:$A$4,0)),"")) | E40: =IF(B40="",E39,IF(E39="",B40,E39&","&B40))
A41: =IF(B3="","",TRIM(MID(SUBSTITUTE(SUBSTITUTE(SUBSTITUTE(B3&"","、",","),"，",",")&",",",",REPT(" ",20)),661,20))) | B41: =IF(A41="","",IFERROR(INDEX(マスタ!$B$2:$B$4,MATCH(A41&"",マスタ!$A$2:$A$4,0)),"該当なし")) | C41: =IF(A41="","",IFERROR(INDEX(マスタ!$C$2:$C$4,MATCH(A41&"",マスタ!$A$2:$A$4,0)),"")) | E41: =IF(B41="",E40,IF(E40="",B41,E40&","&B41))
A42: =IF(B3="","",TRIM(MID(SUBSTITUTE(SUBSTITUTE(SUBSTITUTE(B3&"","、",","),"，",",")&",",",",REPT(" ",20)),681,20))) | B42: =IF(A42="","",IFERROR(INDEX(マスタ!$B$2:$B$4,MATCH(A42&"",マスタ!$A$2:$A$4,0)),"該当なし")) | C42: =IF(A42="","",IFERROR(INDEX(マスタ!$C$2:$C$4,MATCH(A42&"",マスタ!$A$2:$A$4,0)),"")) | E42: =IF(B42="",E41,IF(E41="",B42,E41&","&B42))
A43: =IF(B3="","",TRIM(MID(SUBSTITUTE(SUBSTITUTE(SUBSTITUTE(B3&"","、",","),"，",",")&",",",",REPT(" ",20)),701,20))) | B43: =IF(A43="","",IFERROR(INDEX(マスタ!$B$2:$B$4,MATCH(A43&"",マスタ!$A$2:$A$4,0)),"該当なし")) | C43: =IF(A43="","",IFERROR(INDEX(マスタ!$C$2:$C$4,MATCH(A43&"",マスタ!$A$2:$A$4,0)),"")) | E43: =IF(B43="",E42,IF(E42="",B43,E42&","&B43))
A44: =IF(B3="","",TRIM(MID(SUBSTITUTE(SUBSTITUTE(SUBSTITUTE(B3&"","、",","),"，",",")&",",",",REPT(" ",20)),721,20))) | B44: =IF(A44="","",IFERROR(INDEX(マスタ!$B$2:$B$4,MATCH(A44&"",マスタ!$A$2:$A$4,0)),"該当なし")) | C44: =IF(A44="","",IFERROR(INDEX(マスタ!$C$2:$C$4,MATCH(A44&"",マスタ!$A$2:$A$4,0)),"")) | E44: =IF(B44="",E43,IF(E43="",B44,E43&","&B44))
A45: =IF(B3="","",TRIM(MID(SUBSTITUTE(SUBSTITUTE(SUBSTITUTE(B3&"","、",","),"，",",")&",",",",REPT(" ",20)),741,20))) | B45: =IF(A45="","",IFERROR(INDEX(マスタ!$B$2:$B$4,MATCH(A45&"",マスタ!$A$2:$A$4,0)),"該当なし")) | C45: =IF(A45="","",IFERROR(INDEX(マスタ!$C$2:$C$4,MATCH(A45&"",マスタ!$A$2:$A$4,0)),"")) | E45: =IF(B45="",E44,IF(E44="",B45,E44&","&B45))
A46: =IF(B3="","",TRIM(MID(SUBSTITUTE(SUBSTITUTE(SUBSTITUTE(B3&"","、",","),"，",",")&",",",",REPT(" ",20)),761,20))) | B46: =IF(A46="","",IFERROR(INDEX(マスタ!$B$2:$B$4,MATCH(A46&"",マスタ!$A$2:$A$4,0)),"該当なし")) | C46: =IF(A46="","",IFERROR(INDEX(マスタ!$C$2:$C$4,MATCH(A46&"",マスタ!$A$2:$A$4,0)),"")) | E46: =IF(B46="",E45,IF(E45="",B46,E45&","&B46))
A47: =IF(B3="","",TRIM(MID(SUBSTITUTE(SUBSTITUTE(SUBSTITUTE(B3&"","、",","),"，",",")&",",",",REPT(" ",20)),781,20))) | B47: =IF(A47="","",IFERROR(INDEX(マスタ!$B$2:$B$4,MATCH(A47&"",マスタ!$A$2:$A$4,0)),"該当なし")) | C47: =IF(A47="","",IFERROR(INDEX(マスタ!$C$2:$C$4,MATCH(A47&"",マスタ!$A$2:$A$4,0)),"")) | E47: =IF(B47="",E46,IF(E46="",B47,E46&","&B47))
A48: =IF(B3="","",TRIM(MID(SUBSTITUTE(SUBSTITUTE(SUBSTITUTE(B3&"","、",","),"，",",")&",",",",REPT(" ",20)),801,20))) | B48: =IF(A48="","",IFERROR(INDEX(マスタ!$B$2:$B$4,MATCH(A48&"",マスタ!$A$2:$A$4,0)),"該当なし")) | C48: =IF(A48="","",IFERROR(INDEX(マスタ!$C$2:$C$4,MATCH(A48&"",マスタ!$A$2:$A$4,0)),"")) | E48: =IF(B48="",E47,IF(E47="",B48,E47&","&B48))
A49: =IF(B3="","",TRIM(MID(SUBSTITUTE(SUBSTITUTE(SUBSTITUTE(B3&"","、",","),"，",",")&",",",",REPT(" ",20)),821,20))) | B49: =IF(A49="","",IFERROR(INDEX(マスタ!$B$2:$B$4,MATCH(A49&"",マスタ!$A$2:$A$4,0)),"該当なし")) | C49: =IF(A49="","",IFERROR(INDEX(マスタ!$C$2:$C$4,MATCH(A49&"",マスタ!$A$2:$A$4,0)),"")) | E49: =IF(B49="",E48,IF(E48="",B49,E48&","&B49))
A50: =IF(B3="","",TRIM(MID(SUBSTITUTE(SUBSTITUTE(SUBSTITUTE(B3&"","、",","),"，",",")&",",",",REPT(" ",20)),841,20))) | B50: =IF(A50="","",IFERROR(INDEX(マスタ!$B$2:$B$4,MATCH(A50&"",マスタ!$A$2:$A$4,0)),"該当なし")) | C50: =IF(A50="","",IFERROR(INDEX(マスタ!$C$2:$C$4,MATCH(A50&"",マスタ!$A$2:$A$4,0)),"")) | E50: =IF(B50="",E49,IF(E49="",B50,E49&","&B50))
A51: =IF(B3="","",TRIM(MID(SUBSTITUTE(SUBSTITUTE(SUBSTITUTE(B3&"","、",","),"，",",")&",",",",REPT(" ",20)),861,20))) | B51: =IF(A51="","",IFERROR(INDEX(マスタ!$B$2:$B$4,MATCH(A51&"",マスタ!$A$2:$A$4,0)),"該当なし")) | C51: =IF(A51="","",IFERROR(INDEX(マスタ!$C$2:$C$4,MATCH(A51&"",マスタ!$A$2:$A$4,0)),"")) | E51: =IF(B51="",E50,IF(E50="",B51,E50&","&B51))
A52: =IF(B3="","",TRIM(MID(SUBSTITUTE(SUBSTITUTE(SUBSTITUTE(B3&"","、",","),"，",",")&",",",",REPT(" ",20)),881,20))) | B52: =IF(A52="","",IFERROR(INDEX(マスタ!$B$2:$B$4,MATCH(A52&"",マスタ!$A$2:$A$4,0)),"該当なし")) | C52: =IF(A52="","",IFERROR(INDEX(マスタ!$C$2:$C$4,MATCH(A52&"",マスタ!$A$2:$A$4,0)),"")) | E52: =IF(B52="",E51,IF(E51="",B52,E51&","&B52))
A53: =IF(B3="","",TRIM(MID(SUBSTITUTE(SUBSTITUTE(SUBSTITUTE(B3&"","、",","),"，",",")&",",",",REPT(" ",20)),901,20))) | B53: =IF(A53="","",IFERROR(INDEX(マスタ!$B$2:$B$4,MATCH(A53&"",マスタ!$A$2:$A$4,0)),"該当なし")) | C53: =IF(A53="","",IFERROR(INDEX(マスタ!$C$2:$C$4,MATCH(A53&"",マスタ!$A$2:$A$4,0)),"")) | E53: =IF(B53="",E52,IF(E52="",B53,E52&","&B53))
A54: =IF(B3="","",TRIM(MID(SUBSTITUTE(SUBSTITUTE(SUBSTITUTE(B3&"","、",","),"，",",")&",",",",REPT(" ",20)),921,20))) | B54: =IF(A54="","",IFERROR(INDEX(マスタ!$B$2:$B$4,MATCH(A54&"",マスタ!$A$2:$A$4,0)),"該当なし")) | C54: =IF(A54="","",IFERROR(INDEX(マスタ!$C$2:$C$4,MATCH(A54&"",マスタ!$A$2:$A$4,0)),"")) | E54: =IF(B54="",E53,IF(E53="",B54,E53&","&B54))
A55: =IF(B3="","",TRIM(MID(SUBSTITUTE(SUBSTITUTE(SUBSTITUTE(B3&"","、",","),"，",",")&",",",",REPT(" ",20)),941,20))) | B55: =IF(A55="","",IFERROR(INDEX(マスタ!$B$2:$B$4,MATCH(A55&"",マスタ!$A$2:$A$4,0)),"該当なし")) | C55: =IF(A55="","",IFERROR(INDEX(マスタ!$C$2:$C$4,MATCH(A55&"",マスタ!$A$2:$A$4,0)),"")) | E55: =IF(B55="",E54,IF(E54="",B55,E54&","&B55))
A56: =IF(B3="","",TRIM(MID(SUBSTITUTE(SUBSTITUTE(SUBSTITUTE(B3&"","、",","),"，",",")&",",",",REPT(" ",20)),961,20))) | B56: =IF(A56="","",IFERROR(INDEX(マスタ!$B$2:$B$4,MATCH(A56&"",マスタ!$A$2:$A$4,0)),"該当なし")) | C56: =IF(A56="","",IFERROR(INDEX(マスタ!$C$2:$C$4,MATCH(A56&"",マスタ!$A$2:$A$4,0)),"")) | E56: =IF(B56="",E55,IF(E55="",B56,E55&","&B56))
A57: =IF(B3="","",TRIM(MID(SUBSTITUTE(SUBSTITUTE(SUBSTITUTE(B3&"","、",","),"，",",")&",",",",REPT(" ",20)),981,20))) | B57: =IF(A57="","",IFERROR(INDEX(マスタ!$B$2:$B$4,MATCH(A57&"",マスタ!$A$2:$A$4,0)),"該当なし")) | C57: =IF(A57="","",IFERROR(INDEX(マスタ!$C$2:$C$4,MATCH(A57&"",マスタ!$A$2:$A$4,0)),"")) | E57: =IF(B57="",E56,IF(E56="",B57,E56&","&B57))
A58: =IF(B3="","",TRIM(MID(SUBSTITUTE(SUBSTITUTE(SUBSTITUTE(B3&"","、",","),"，",",")&",",",",REPT(" ",20)),1001,20))) | B58: =IF(A58="","",IFERROR(INDEX(マスタ!$B$2:$B$4,MATCH(A58&"",マスタ!$A$2:$A$4,0)),"該当なし")) | C58: =IF(A58="","",IFERROR(INDEX(マスタ!$C$2:$C$4,MATCH(A58&"",マスタ!$A$2:$A$4,0)),"")) | E58: =IF(B58="",E57,IF(E57="",B58,E57&","&B58))
A59: =IF(B3="","",TRIM(MID(SUBSTITUTE(SUBSTITUTE(SUBSTITUTE(B3&"","、",","),"，",",")&",",",",REPT(" ",20)),1021,20))) | B59: =IF(A59="","",IFERROR(INDEX(マスタ!$B$2:$B$4,MATCH(A59&"",マスタ!$A$2:$A$4,0)),"該当なし")) | C59: =IF(A59="","",IFERROR(INDEX(マスタ!$C$2:$C$4,MATCH(A59&"",マスタ!$A$2:$A$4,0)),"")) | E59: =IF(B59="",E58,IF(E58="",B59,E58&","&B59))
A60: =IF(B3="","",TRIM(MID(SUBSTITUTE(SUBSTITUTE(SUBSTITUTE(B3&"","、",","),"，",",")&",",",",REPT(" ",20)),1041,20))) | B60: =IF(A60="","",IFERROR(INDEX(マスタ!$B$2:$B$4,MATCH(A60&"",マスタ!$A$2:$A$4,0)),"該当なし")) | C60: =IF(A60="","",IFERROR(INDEX(マスタ!$C$2:$C$4,MATCH(A60&"",マスタ!$A$2:$A$4,0)),"")) | E60: =IF(B60="",E59,IF(E59="",B60,E59&","&B60))
A61: =IF(B3="","",TRIM(MID(SUBSTITUTE(SUBSTITUTE(SUBSTITUTE(B3&"","、",","),"，",",")&",",",",REPT(" ",20)),1061,20))) | B61: =IF(A61="","",IFERROR(INDEX(マスタ!$B$2:$B$4,MATCH(A61&"",マスタ!$A$2:$A$4,0)),"該当なし")) | C61: =IF(A61="","",IFERROR(INDEX(マスタ!$C$2:$C$4,MATCH(A61&"",マスタ!$A$2:$A$4,0)),"")) | E61: =IF(B61="",E60,IF(E60="",B61,E60&","&B61))
A62: =IF(B3="","",TRIM(MID(SUBSTITUTE(SUBSTITUTE(SUBSTITUTE(B3&"","、",","),"，",",")&",",",",REPT(" ",20)),1081,20))) | B62: =IF(A62="","",IFERROR(INDEX(マスタ!$B$2:$B$4,MATCH(A62&"",マスタ!$A$2:$A$4,0)),"該当なし")) | C62: =IF(A62="","",IFERROR(INDEX(マスタ!$C$2:$C$4,MATCH(A62&"",マスタ!$A$2:$A$4,0)),"")) | E62: =IF(B62="",E61,IF(E61="",B62,E61&","&B62))
A63: =IF(B3="","",TRIM(MID(SUBSTITUTE(SUBSTITUTE(SUBSTITUTE(B3&"","、",","),"，",",")&",",",",REPT(" ",20)),1101,20))) | B63: =IF(A63="","",IFERROR(INDEX(マスタ!$B$2:$B$4,MATCH(A63&"",マスタ!$A$2:$A$4,0)),"該当なし")) | C63: =IF(A63="","",IFERROR(INDEX(マスタ!$C$2:$C$4,MATCH(A63&"",マスタ!$A$2:$A$4,0)),"")) | E63: =IF(B63="",E62,IF(E62="",B63,E62&","&B63))
A64: =IF(B3="","",TRIM(MID(SUBSTITUTE(SUBSTITUTE(SUBSTITUTE(B3&"","、",","),"，",",")&",",",",REPT(" ",20)),1121,20))) | B64: =IF(A64="","",IFERROR(INDEX(マスタ!$B$2:$B$4,MATCH(A64&"",マスタ!$A$2:$A$4,0)),"該当なし")) | C64: =IF(A64="","",IFERROR(INDEX(マスタ!$C$2:$C$4,MATCH(A64&"",マスタ!$A$2:$A$4,0)),"")) | E64: =IF(B64="",E63,IF(E63="",B64,E63&","&B64))
A65: =IF(B3="","",TRIM(MID(SUBSTITUTE(SUBSTITUTE(SUBSTITUTE(B3&"","、",","),"，",",")&",",",",REPT(" ",20)),1141,20))) | B65: =IF(A65="","",IFERROR(INDEX(マスタ!$B$2:$B$4,MATCH(A65&"",マスタ!$A$2:$A$4,0)),"該当なし")) | C65: =IF(A65="","",IFERROR(INDEX(マスタ!$C$2:$C$4,MATCH(A65&"",マスタ!$A$2:$A$4,0)),"")) | E65: =IF(B65="",E64,IF(E64="",B65,E64&","&B65))
A66: =IF(B3="","",TRIM(MID(SUBSTITUTE(SUBSTITUTE(SUBSTITUTE(B3&"","、",","),"，",",")&",",",",REPT(" ",20)),1161,20))) | B66: =IF(A66="","",IFERROR(INDEX(マスタ!$B$2:$B$4,MATCH(A66&"",マスタ!$A$2:$A$4,0)),"該当なし")) | C66: =IF(A66="","",IFERROR(INDEX(マスタ!$C$2:$C$4,MATCH(A66&"",マスタ!$A$2:$A$4,0)),"")) | E66: =IF(B66="",E65,IF(E65="",B66,E65&","&B66))
A67: =IF(B3="","",TRIM(MID(SUBSTITUTE(SUBSTITUTE(SUBSTITUTE(B3&"","、",","),"，",",")&",",",",REPT(" ",20)),1181,20))) | B67: =IF(A67="","",IFERROR(INDEX(マスタ!$B$2:$B$4,MATCH(A67&"",マスタ!$A$2:$A$4,0)),"該当なし")) | C67: =IF(A67="","",IFERROR(INDEX(マスタ!$C$2:$C$4,MATCH(A67&"",マスタ!$A$2:$A$4,0)),"")) | E67: =IF(B67="",E66,IF(E66="",B67,E66&","&B67))
A68: =IF(B3="","",TRIM(MID(SUBSTITUTE(SUBSTITUTE(SUBSTITUTE(B3&"","、",","),"，",",")&",",",",REPT(" ",20)),1201,20))) | B68: =IF(A68="","",IFERROR(INDEX(マスタ!$B$2:$B$4,MATCH(A68&"",マスタ!$A$2:$A$4,0)),"該当なし")) | C68: =IF(A68="","",IFERROR(INDEX(マスタ!$C$2:$C$4,MATCH(A68&"",マスタ!$A$2:$A$4,0)),"")) | E68: =IF(B68="",E67,IF(E67="",B68,E67&","&B68))
A69: =IF(B3="","",TRIM(MID(SUBSTITUTE(SUBSTITUTE(SUBSTITUTE(B3&"","、",","),"，",",")&",",",",REPT(" ",20)),1221,20))) | B69: =IF(A69="","",IFERROR(INDEX(マスタ!$B$2:$B$4,MATCH(A69&"",マスタ!$A$2:$A$4,0)),"該当なし")) | C69: =IF(A69="","",IFERROR(INDEX(マスタ!$C$2:$C$4,MATCH(A69&"",マスタ!$A$2:$A$4,0)),"")) | E69: =IF(B69="",E68,IF(E68="",B69,E68&","&B69))
A70: =IF(B3="","",TRIM(MID(SUBSTITUTE(SUBSTITUTE(SUBSTITUTE(B3&"","、",","),"，",",")&",",",",REPT(" ",20)),1241,20))) | B70: =IF(A70="","",IFERROR(INDEX(マスタ!$B$2:$B$4,MATCH(A70&"",マスタ!$A$2:$A$4,0)),"該当なし")) | C70: =IF(A70="","",IFERROR(INDEX(マスタ!$C$2:$C$4,MATCH(A70&"",マスタ!$A$2:$A$4,0)),"")) | E70: =IF(B70="",E69,IF(E69="",B70,E69&","&B70))
A71: =IF(B3="","",TRIM(MID(SUBSTITUTE(SUBSTITUTE(SUBSTITUTE(B3&"","、",","),"，",",")&",",",",REPT(" ",20)),1261,20))) | B71: =IF(A71="","",IFERROR(INDEX(マスタ!$B$2:$B$4,MATCH(A71&"",マスタ!$A$2:$A$4,0)),"該当なし")) | C71: =IF(A71="","",IFERROR(INDEX(マスタ!$C$2:$C$4,MATCH(A71&"",マスタ!$A$2:$A$4,0)),"")) | E71: =IF(B71="",E70,IF(E70="",B71,E70&","&B71))
A72: =IF(B3="","",TRIM(MID(SUBSTITUTE(SUBSTITUTE(SUBSTITUTE(B3&"","、",","),"，",",")&",",",",REPT(" ",20)),1281,20))) | B72: =IF(A72="","",IFERROR(INDEX(マスタ!$B$2:$B$4,MATCH(A72&"",マスタ!$A$2:$A$4,0)),"該当なし")) | C72: =IF(A72="","",IFERROR(INDEX(マスタ!$C$2:$C$4,MATCH(A72&"",マスタ!$A$2:$A$4,0)),"")) | E72: =IF(B72="",E71,IF(E71="",B72,E71&","&B72))
A73: =IF(B3="","",TRIM(MID(SUBSTITUTE(SUBSTITUTE(SUBSTITUTE(B3&"","、",","),"，",",")&",",",",REPT(" ",20)),1301,20))) | B73: =IF(A73="","",IFERROR(INDEX(マスタ!$B$2:$B$4,MATCH(A73&"",マスタ!$A$2:$A$4,0)),"該当なし")) | C73: =IF(A73="","",IFERROR(INDEX(マスタ!$C$2:$C$4,MATCH(A73&"",マスタ!$A$2:$A$4,0)),"")) | E73: =IF(B73="",E72,IF(E72="",B73,E72&","&B73))
A74: =IF(B3="","",TRIM(MID(SUBSTITUTE(SUBSTITUTE(SUBSTITUTE(B3&"","、",","),"，",",")&",",",",REPT(" ",20)),1321,20))) | B74: =IF(A74="","",IFERROR(INDEX(マスタ!$B$2:$B$4,MATCH(A74&"",マスタ!$A$2:$A$4,0)),"該当なし")) | C74: =IF(A74="","",IFERROR(INDEX(マスタ!$C$2:$C$4,MATCH(A74&"",マスタ!$A$2:$A$4,0)),"")) | E74: =IF(B74="",E73,IF(E73="",B74,E73&","&B74))
A75: =IF(B3="","",TRIM(MID(SUBSTITUTE(SUBSTITUTE(SUBSTITUTE(B3&"","、",","),"，",",")&",",",",REPT(" ",20)),1341,20))) | B75: =IF(A75="","",IFERROR(INDEX(マスタ!$B$2:$B$4,MATCH(A75&"",マスタ!$A$2:$A$4,0)),"該当なし")) | C75: =IF(A75="","",IFERROR(INDEX(マスタ!$C$2:$C$4,MATCH(A75&"",マスタ!$A$2:$A$4,0)),"")) | E75: =IF(B75="",E74,IF(E74="",B75,E74&","&B75))
A76: =IF(B3="","",TRIM(MID(SUBSTITUTE(SUBSTITUTE(SUBSTITUTE(B3&"","、",","),"，",",")&",",",",REPT(" ",20)),1361,20))) | B76: =IF(A76="","",IFERROR(INDEX(マスタ!$B$2:$B$4,MATCH(A76&"",マスタ!$A$2:$A$4,0)),"該当なし")) | C76: =IF(A76="","",IFERROR(INDEX(マスタ!$C$2:$C$4,MATCH(A76&"",マスタ!$A$2:$A$4,0)),"")) | E76: =IF(B76="",E75,IF(E75="",B76,E75&","&B76))
A77: =IF(B3="","",TRIM(MID(SUBSTITUTE(SUBSTITUTE(SUBSTITUTE(B3&"","、",","),"，",",")&",",",",REPT(" ",20)),1381,20))) | B77: =IF(A77="","",IFERROR(INDEX(マスタ!$B$2:$B$4,MATCH(A77&"",マスタ!$A$2:$A$4,0)),"該当なし")) | C77: =IF(A77="","",IFERROR(INDEX(マスタ!$C$2:$C$4,MATCH(A77&"",マスタ!$A$2:$A$4,0)),"")) | E77: =IF(B77="",E76,IF(E76="",B77,E76&","&B77))
A78: =IF(B3="","",TRIM(MID(SUBSTITUTE(SUBSTITUTE(SUBSTITUTE(B3&"","、",","),"，",",")&",",",",REPT(" ",20)),1401,20))) | B78: =IF(A78="","",IFERROR(INDEX(マスタ!$B$2:$B$4,MATCH(A78&"",マスタ!$A$2:$A$4,0)),"該当なし")) | C78: =IF(A78="","",IFERROR(INDEX(マスタ!$C$2:$C$4,MATCH(A78&"",マスタ!$A$2:$A$4,0)),"")) | E78: =IF(B78="",E77,IF(E77="",B78,E77&","&B78))
A79: =IF(B3="","",TRIM(MID(SUBSTITUTE(SUBSTITUTE(SUBSTITUTE(B3&"","、",","),"，",",")&",",",",REPT(" ",20)),1421,20))) | B79: =IF(A79="","",IFERROR(INDEX(マスタ!$B$2:$B$4,MATCH(A79&"",マスタ!$A$2:$A$4,0)),"該当なし")) | C79: =IF(A79="","",IFERROR(INDEX(マスタ!$C$2:$C$4,MATCH(A79&"",マスタ!$A$2:$A$4,0)),"")) | E79: =IF(B79="",E78,IF(E78="",B79,E78&","&B79))
A80: =IF(B3="","",TRIM(MID(SUBSTITUTE(SUBSTITUTE(SUBSTITUTE(B3&"","、",","),"，",",")&",",",",REPT(" ",20)),1441,20))) | B80: =IF(A80="","",IFERROR(INDEX(マスタ!$B$2:$B$4,MATCH(A80&"",マスタ!$A$2:$A$4,0)),"該当なし")) | C80: =IF(A80="","",IFERROR(INDEX(マスタ!$C$2:$C$4,MATCH(A80&"",マスタ!$A$2:$A$4,0)),"")) | E80: =IF(B80="",E79,IF(E79="",B80,E79&","&B80))
A81: =IF(B3="","",TRIM(MID(SUBSTITUTE(SUBSTITUTE(SUBSTITUTE(B3&"","、",","),"，",",")&",",",",REPT(" ",20)),1461,20))) | B81: =IF(A81="","",IFERROR(INDEX(マスタ!$B$2:$B$4,MATCH(A81&"",マスタ!$A$2:$A$4,0)),"該当なし")) | C81: =IF(A81="","",IFERROR(INDEX(マスタ!$C$2:$C$4,MATCH(A81&"",マスタ!$A$2:$A$4,0)),"")) | E81: =IF(B81="",E80,IF(E80="",B81,E80&","&B81))
A82: =IF(B3="","",TRIM(MID(SUBSTITUTE(SUBSTITUTE(SUBSTITUTE(B3&"","、",","),"，",",")&",",",",REPT(" ",20)),1481,20))) | B82: =IF(A82="","",IFERROR(INDEX(マスタ!$B$2:$B$4,MATCH(A82&"",マスタ!$A$2:$A$4,0)),"該当なし")) | C82: =IF(A82="","",IFERROR(INDEX(マスタ!$C$2:$C$4,MATCH(A82&"",マスタ!$A$2:$A$4,0)),"")) | E82: =IF(B82="",E81,IF(E81="",B82,E81&","&B82))
A83: =IF(B3="","",TRIM(MID(SUBSTITUTE(SUBSTITUTE(SUBSTITUTE(B3&"","、",","),"，",",")&",",",",REPT(" ",20)),1501,20))) | B83: =IF(A83="","",IFERROR(INDEX(マスタ!$B$2:$B$4,MATCH(A83&"",マスタ!$A$2:$A$4,0)),"該当なし")) | C83: =IF(A83="","",IFERROR(INDEX(マスタ!$C$2:$C$4,MATCH(A83&"",マスタ!$A$2:$A$4,0)),"")) | E83: =IF(B83="",E82,IF(E82="",B83,E82&","&B83))
A84: =IF(B3="","",TRIM(MID(SUBSTITUTE(SUBSTITUTE(SUBSTITUTE(B3&"","、",","),"，",",")&",",",",REPT(" ",20)),1521,20))) | B84: =IF(A84="","",IFERROR(INDEX(マスタ!$B$2:$B$4,MATCH(A84&"",マスタ!$A$2:$A$4,0)),"該当なし")) | C84: =IF(A84="","",IFERROR(INDEX(マスタ!$C$2:$C$4,MATCH(A84&"",マスタ!$A$2:$A$4,0)),"")) | E84: =IF(B84="",E83,IF(E83="",B84,E83&","&B84))
A85: =IF(B3="","",TRIM(MID(SUBSTITUTE(SUBSTITUTE(SUBSTITUTE(B3&"","、",","),"，",",")&",",",",REPT(" ",20)),1541,20))) | B85: =IF(A85="","",IFERROR(INDEX(マスタ!$B$2:$B$4,MATCH(A85&"",マスタ!$A$2:$A$4,0)),"該当なし")) | C85: =IF(A85="","",IFERROR(INDEX(マスタ!$C$2:$C$4,MATCH(A85&"",マスタ!$A$2:$A$4,0)),"")) | E85: =IF(B85="",E84,IF(E84="",B85,E84&","&B85))
A86: =IF(B3="","",TRIM(MID(SUBSTITUTE(SUBSTITUTE(SUBSTITUTE(B3&"","、",","),"，",",")&",",",",REPT(" ",20)),1561,20))) | B86: =IF(A86="","",IFERROR(INDEX(マスタ!$B$2:$B$4,MATCH(A86&"",マスタ!$A$2:$A$4,0)),"該当なし")) | C86: =IF(A86="","",IFERROR(INDEX(マスタ!$C$2:$C$4,MATCH(A86&"",マスタ!$A$2:$A$4,0)),"")) | E86: =IF(B86="",E85,IF(E85="",B86,E85&","&B86))
A87: =IF(B3="","",TRIM(MID(SUBSTITUTE(SUBSTITUTE(SUBSTITUTE(B3&"","、",","),"，",",")&",",",",REPT(" ",20)),1581,20))) | B87: =IF(A87="","",IFERROR(INDEX(マスタ!$B$2:$B$4,MATCH(A87&"",マスタ!$A$2:$A$4,0)),"該当なし")) | C87: =IF(A87="","",IFERROR(INDEX(マスタ!$C$2:$C$4,MATCH(A87&"",マスタ!$A$2:$A$4,0)),"")) | E87: =IF(B87="",E86,IF(E86="",B87,E86&","&B87))
A88: =IF(B3="","",TRIM(MID(SUBSTITUTE(SUBSTITUTE(SUBSTITUTE(B3&"","、",","),"，",",")&",",",",REPT(" ",20)),1601,20))) | B88: =IF(A88="","",IFERROR(INDEX(マスタ!$B$2:$B$4,MATCH(A88&"",マスタ!$A$2:$A$4,0)),"該当なし")) | C88: =IF(A88="","",IFERROR(INDEX(マスタ!$C$2:$C$4,MATCH(A88&"",マスタ!$A$2:$A$4,0)),"")) | E88: =IF(B88="",E87,IF(E87="",B88,E87&","&B88))
A89: =IF(B3="","",TRIM(MID(SUBSTITUTE(SUBSTITUTE(SUBSTITUTE(B3&"","、",","),"，",",")&",",",",REPT(" ",20)),1621,20))) | B89: =IF(A89="","",IFERROR(INDEX(マスタ!$B$2:$B$4,MATCH(A89&"",マスタ!$A$2:$A$4,0)),"該当なし")) | C89: =IF(A89="","",IFERROR(INDEX(マスタ!$C$2:$C$4,MATCH(A89&"",マスタ!$A$2:$A$4,0)),"")) | E89: =IF(B89="",E88,IF(E88="",B89,E88&","&B89))
A90: =IF(B3="","",TRIM(MID(SUBSTITUTE(SUBSTITUTE(SUBSTITUTE(B3&"","、",","),"，",",")&",",",",REPT(" ",20)),1641,20))) | B90: =IF(A90="","",IFERROR(INDEX(マスタ!$B$2:$B$4,MATCH(A90&"",マスタ!$A$2:$A$4,0)),"該当なし")) | C90: =IF(A90="","",IFERROR(INDEX(マスタ!$C$2:$C$4,MATCH(A90&"",マスタ!$A$2:$A$4,0)),"")) | E90: =IF(B90="",E89,IF(E89="",B90,E89&","&B90))
A91: =IF(B3="","",TRIM(MID(SUBSTITUTE(SUBSTITUTE(SUBSTITUTE(B3&"","、",","),"，",",")&",",",",REPT(" ",20)),1661,20))) | B91: =IF(A91="","",IFERROR(INDEX(マスタ!$B$2:$B$4,MATCH(A91&"",マスタ!$A$2:$A$4,0)),"該当なし")) | C91: =IF(A91="","",IFERROR(INDEX(マスタ!$C$2:$C$4,MATCH(A91&"",マスタ!$A$2:$A$4,0)),"")) | E91: =IF(B91="",E90,IF(E90="",B91,E90&","&B91))
A92: =IF(B3="","",TRIM(MID(SUBSTITUTE(SUBSTITUTE(SUBSTITUTE(B3&"","、",","),"，",",")&",",",",REPT(" ",20)),1681,20))) | B92: =IF(A92="","",IFERROR(INDEX(マスタ!$B$2:$B$4,MATCH(A92&"",マスタ!$A$2:$A$4,0)),"該当なし")) | C92: =IF(A92="","",IFERROR(INDEX(マスタ!$C$2:$C$4,MATCH(A92&"",マスタ!$A$2:$A$4,0)),"")) | E92: =IF(B92="",E91,IF(E91="",B92,E91&","&B92))
A93: =IF(B3="","",TRIM(MID(SUBSTITUTE(SUBSTITUTE(SUBSTITUTE(B3&"","、",","),"，",",")&",",",",REPT(" ",20)),1701,20))) | B93: =IF(A93="","",IFERROR(INDEX(マスタ!$B$2:$B$4,MATCH(A93&"",マスタ!$A$2:$A$4,0)),"該当なし")) | C93: =IF(A93="","",IFERROR(INDEX(マスタ!$C$2:$C$4,MATCH(A93&"",マスタ!$A$2:$A$4,0)),"")) | E93: =IF(B93="",E92,IF(E92="",B93,E92&","&B93))
A94: =IF(B3="","",TRIM(MID(SUBSTITUTE(SUBSTITUTE(SUBSTITUTE(B3&"","、",","),"，",",")&",",",",REPT(" ",20)),1721,20))) | B94: =IF(A94="","",IFERROR(INDEX(マスタ!$B$2:$B$4,MATCH(A94&"",マスタ!$A$2:$A$4,0)),"該当なし")) | C94: =IF(A94="","",IFERROR(INDEX(マスタ!$C$2:$C$4,MATCH(A94&"",マスタ!$A$2:$A$4,0)),"")) | E94: =IF(B94="",E93,IF(E93="",B94,E93&","&B94))
A95: =IF(B3="","",TRIM(MID(SUBSTITUTE(SUBSTITUTE(SUBSTITUTE(B3&"","、",","),"，",",")&",",",",REPT(" ",20)),1741,20))) | B95: =IF(A95="","",IFERROR(INDEX(マスタ!$B$2:$B$4,MATCH(A95&"",マスタ!$A$2:$A$4,0)),"該当なし")) | C95: =IF(A95="","",IFERROR(INDEX(マスタ!$C$2:$C$4,MATCH(A95&"",マスタ!$A$2:$A$4,0)),"")) | E95: =IF(B95="",E94,IF(E94="",B95,E94&","&B95))
A96: =IF(B3="","",TRIM(MID(SUBSTITUTE(SUBSTITUTE(SUBSTITUTE(B3&"","、",","),"，",",")&",",",",REPT(" ",20)),1761,20))) | B96: =IF(A96="","",IFERROR(INDEX(マスタ!$B$2:$B$4,MATCH(A96&"",マスタ!$A$2:$A$4,0)),"該当なし")) | C96: =IF(A96="","",IFERROR(INDEX(マスタ!$C$2:$C$4,MATCH(A96&"",マスタ!$A$2:$A$4,0)),"")) | E96: =IF(B96="",E95,IF(E95="",B96,E95&","&B96))
A97: =IF(B3="","",TRIM(MID(SUBSTITUTE(SUBSTITUTE(SUBSTITUTE(B3&"","、",","),"，",",")&",",",",REPT(" ",20)),1781,20))) | B97: =IF(A97="","",IFERROR(INDEX(マスタ!$B$2:$B$4,MATCH(A97&"",マスタ!$A$2:$A$4,0)),"該当なし")) | C97: =IF(A97="","",IFERROR(INDEX(マスタ!$C$2:$C$4,MATCH(A97&"",マスタ!$A$2:$A$4,0)),"")) | E97: =IF(B97="",E96,IF(E96="",B97,E96&","&B97))
A98: =IF(B3="","",TRIM(MID(SUBSTITUTE(SUBSTITUTE(SUBSTITUTE(B3&"","、",","),"，",",")&",",",",REPT(" ",20)),1801,20))) | B98: =IF(A98="","",IFERROR(INDEX(マスタ!$B$2:$B$4,MATCH(A98&"",マスタ!$A$2:$A$4,0)),"該当なし")) | C98: =IF(A98="","",IFERROR(INDEX(マスタ!$C$2:$C$4,MATCH(A98&"",マスタ!$A$2:$A$4,0)),"")) | E98: =IF(B98="",E97,IF(E97="",B98,E97&","&B98))
A99: =IF(B3="","",TRIM(MID(SUBSTITUTE(SUBSTITUTE(SUBSTITUTE(B3&"","、",","),"，",",")&",",",",REPT(" ",20)),1821,20))) | B99: =IF(A99="","",IFERROR(INDEX(マスタ!$B$2:$B$4,MATCH(A99&"",マスタ!$A$2:$A$4,0)),"該当なし")) | C99: =IF(A99="","",IFERROR(INDEX(マスタ!$C$2:$C$4,MATCH(A99&"",マスタ!$A$2:$A$4,0)),"")) | E99: =IF(B99="",E98,IF(E98="",B99,E98&","&B99))
A100: =IF(B3="","",TRIM(MID(SUBSTITUTE(SUBSTITUTE(SUBSTITUTE(B3&"","、",","),"，",",")&",",",",REPT(" ",20)),1841,20))) | B100: =IF(A100="","",IFERROR(INDEX(マスタ!$B$2:$B$4,MATCH(A100&"",マスタ!$A$2:$A$4,0)),"該当なし")) | C100: =IF(A100="","",IFERROR(INDEX(マスタ!$C$2:$C$4,MATCH(A100&"",マスタ!$A$2:$A$4,0)),"")) | E100: =IF(B100="",E99,IF(E99="",B100,E99&","&B100))
...
